year,id,fips_number,county_name,region,commuity_type,percent_rural,population,commercial_sex_act,involuntary_servitude,commercial_sex_act_rate,involuntary_servitude_rate
2014,1,1.0,Adams,Central,Mostly Urban,32.6,67016,0.0,0.0,0.0,0.0
2014,2,3.0,Alexander,South,Mostly Rural,61.9,7080,0.0,0.0,0.0,0.0
2014,3,5.0,Bond,South,Mostly Rural,60.7,17130,0.0,0.0,0.0,0.0
2014,4,7.0,Boone,Northern minus Cook,Mostly Urban,19.4,53742,0.0,0.0,0.0,0.0
2014,5,9.0,Brown,Central,Mostly Urban,41.1,6834,0.0,0.0,0.0,0.0
2014,6,11.0,Bureau,Central,Mostly Rural,57.4,33846,0.0,0.0,0.0,0.0
2014,7,13.0,Calhoun,South,Completely Rural,100.0,4926,,,,
2014,8,15.0,Carroll,Northern minus Cook,Mostly Rural,81.9,14783,0.0,0.0,0.0,0.0
2014,9,17.0,Cass,Central,Mostly Rural,52.1,13078,2.0,0.0,0.0,0.0
2014,10,19.0,Champaign,Central,Mostly Urban,12.7,207081,1.0,0.0,0.0,0.0
2014,11,21.0,Christian,Central,Mostly Urban,43.5,33816,0.0,0.0,0.0,0.0
2014,12,23.0,Clark,South,Mostly Rural,59.5,16045,0.0,0.0,0.0,0.0
2014,13,25.0,Clay,South,Mostly Rural,64.7,13441,0.0,0.0,0.0,0.0
2014,14,27.0,Clinton,South,Mostly Urban,48.8,37640,0.0,0.0,0.0,0.0
2014,15,29.0,Coles,Central,Mostly Urban,24.3,52712,0.0,0.0,0.0,0.0
2014,16,31.0,Cook,Northern - Cook,Completely Urban,0.0,5253756,1.0,1.0,0.0,0.0
2014,17,33.0,Crawford,South,Mostly Rural,60.2,19281,0.0,0.0,0.0,0.0
2014,18,35.0,Cumberland,South,Completely Rural,100.0,10926,0.0,0.0,0.0,0.0
2014,19,37.0,DeKalb,Northern minus Cook,Mostly Urban,20.3,104648,0.0,0.0,0.0,0.0
2014,20,39.0,De Witt,Central,Mostly Urban,48.8,16218,0.0,0.0,0.0,0.0
2014,21,41.0,Douglas,Central,Mostly Rural,61.6,19917,0.0,0.0,0.0,0.0
2014,22,43.0,DuPage,Northern - Collar,Completely Urban,0.0,932958,0.0,0.0,0.0,0.0
2014,23,45.0,Edgar,Central,Mostly Rural,51.8,17764,0.0,0.0,0.0,0.0
2014,24,47.0,Edwards,South,Completely Rural,100.0,6627,0.0,0.0,0.0,0.0
2014,25,49.0,Effingham,South,Mostly Rural,59.7,34107,0.0,0.0,0.0,0.0
2014,26,51.0,Fayette,South,Mostly Rural,67.0,22063,0.0,0.0,0.0,0.0
2014,27,53.0,Ford,Central,Mostly Urban,41.8,13536,0.0,0.0,0.0,0.0
2014,28,55.0,Franklin,South,Mostly Urban,48.6,39442,0.0,0.0,0.0,0.0
2014,29,57.0,Fulton,Central,Mostly Rural,60.0,35992,0.0,0.0,0.0,0.0
2014,30,59.0,Gallatin,South,Completely Rural,100.0,5279,0.0,0.0,0.0,0.0
2014,31,61.0,Greene,Central,Mostly Rural,70.8,13407,0.0,0.0,0.0,0.0
2014,32,63.0,Grundy,Northern minus Cook,Mostly Urban,24.4,50279,0.0,0.0,0.0,0.0
2014,33,65.0,Hamilton,South,Mostly Rural,68.1,8312,0.0,0.0,0.0,0.0
2014,34,67.0,Hancock,Central,Mostly Rural,71.0,18324,0.0,0.0,0.0,0.0
2014,35,69.0,Hardin,South,Completely Rural,100.0,4238,0.0,0.0,0.0,0.0
2014,36,71.0,Henderson,Central,Mostly Rural,99.7,7010,0.0,0.0,0.0,0.0
2014,37,73.0,Henry,Central,Mostly Rural,50.3,49829,0.0,0.0,0.0,0.0
2014,38,75.0,Iroquois,Central,Mostly Rural,71.7,28723,0.0,0.0,0.0,0.0
2014,39,77.0,Jackson,South,Mostly Urban,37.2,59326,0.0,0.0,0.0,0.0
2014,40,79.0,Jasper,South,Mostly Rural,69.9,9629,0.0,0.0,0.0,0.0
2014,41,81.0,Jefferson,South,Mostly Rural,58.8,38376,0.0,0.0,0.0,0.0
2014,42,83.0,Jersey,South,Mostly Rural,60.6,22442,0.0,0.0,0.0,0.0
2014,43,85.0,Jo Daviess,Northern minus Cook,Mostly Rural,72.6,22326,0.0,0.0,0.0,0.0
2014,44,87.0,Johnson,South,Completely Rural,100.0,12889,0.0,0.0,0.0,0.0
2014,45,89.0,Kane,Northern - Collar,Mostly Urban,3.6,526475,0.0,0.0,0.0,0.0
2014,46,91.0,Kankakee,Central,Mostly Urban,24.5,111384,0.0,0.0,0.0,0.0
2014,47,93.0,Kendall,Northern minus Cook,Mostly Urban,10.4,121377,0.0,0.0,0.0,0.0
2014,48,95.0,Knox,Central,Mostly Urban,24.3,51889,1.0,0.0,0.0,0.0
2014,49,97.0,Lake,Northern - Collar,Mostly Urban,1.3,704558,0.0,0.0,0.0,0.0
2014,50,99.0,LaSalle,Northern minus Cook,Mostly Urban,30.2,111682,0.0,0.0,0.0,0.0
2014,51,101.0,Lawrence,South,Mostly Rural,58.0,16556,0.0,0.0,0.0,0.0
2014,52,103.0,Lee,Northern minus Cook,Mostly Rural,53.2,34897,0.0,0.0,0.0,0.0
2014,53,105.0,Livingston,Central,Mostly Urban,40.8,37012,0.0,0.0,0.0,0.0
2014,54,107.0,Logan,Central,Mostly Urban,39.9,29644,0.0,1.0,0.0,0.0
2014,55,109.0,McDonough,Central,Mostly Urban,29.5,31892,0.0,0.0,0.0,0.0
2014,56,111.0,McHenry,Northern - Collar,Mostly Urban,9.9,307555,0.0,0.0,0.0,0.0
2014,57,113.0,McLean,Central,Mostly Urban,16.5,173726,0.0,0.0,0.0,0.0
2014,58,115.0,Macon,Central,Mostly Urban,15.3,108529,0.0,0.0,0.0,0.0
2014,59,117.0,Macoupin,Central,Mostly Rural,58.5,46185,0.0,0.0,0.0,0.0
2014,60,119.0,Madison,South,Mostly Urban,13.3,266526,8.0,0.0,0.0,0.0
2014,61,121.0,Marion,South,Mostly Urban,45.1,38545,0.0,0.0,0.0,0.0
2014,62,123.0,Marshall,Central,Completely Rural,100.0,11959,0.0,0.0,0.0,0.0
2014,63,125.0,Mason,Central,Mostly Rural,77.5,14100,0.0,0.0,0.0,0.0
2014,64,127.0,Massac,South,Mostly Rural,50.5,14750,0.0,0.0,0.0,0.0
2014,65,129.0,Menard,Central,Mostly Rural,75.7,12507,0.0,0.0,0.0,0.0
2014,66,131.0,Mercer,Central,Mostly Rural,77.8,15902,0.0,0.0,0.0,0.0
2014,67,133.0,Monroe,South,Mostly Urban,41.4,33534,0.0,0.0,0.0,0.0
2014,68,135.0,Montgomery,Central,Mostly Urban,41.6,29442,0.0,0.0,0.0,0.0
2014,69,137.0,Morgan,Central,Mostly Urban,36.2,34682,0.0,0.0,0.0,0.0
2014,70,139.0,Moultrie,Central,Mostly Rural,69.2,14744,0.0,0.0,0.0,0.0
2014,71,141.0,Ogle,Northern minus Cook,Mostly Urban,47.1,51967,0.0,0.0,0.0,0.0
2014,72,143.0,Peoria,Central,Mostly Urban,14.6,187442,0.0,0.0,0.0,0.0
2014,73,145.0,Perry,South,Mostly Urban,43.6,21539,0.0,0.0,0.0,0.0
2014,74,147.0,Piatt,Central,Mostly Rural,67.7,16411,0.0,0.0,0.0,0.0
2014,75,149.0,Pike,Central,Mostly Rural,72.3,15956,0.0,0.0,0.0,0.0
2014,76,151.0,Pope,South,Completely Rural,100.0,4373,,,,
2014,77,153.0,Pulaski,South,Completely Rural,100.0,5795,0.0,0.0,0.0,0.0
2014,78,155.0,Putnam,Central,Completely Rural,100.0,5830,0.0,0.0,0.0,0.0
2014,79,157.0,Randolph,South,Mostly Urban,42.6,33132,0.0,0.0,0.0,0.0
2014,80,159.0,Richland,South,Mostly Urban,43.5,16026,0.0,0.0,0.0,0.0
2014,81,161.0,Rock Island,Central,Mostly Urban,10.9,146965,0.0,1.0,0.0,0.0
2014,82,163.0,St. Clair,South,Mostly Urban,9.8,265591,3.0,0.0,0.0,0.0
2014,83,165.0,Saline,South,Mostly Urban,43.7,24496,0.0,0.0,0.0,0.0
2014,84,167.0,Sangamon,Central,Mostly Urban,14.1,198980,0.0,0.0,0.0,0.0
2014,85,169.0,Schuyler,Central,Mostly Rural,57.6,7266,0.0,0.0,0.0,0.0
2014,86,171.0,Scott,Central,Completely Rural,100.0,5169,0.0,0.0,0.0,0.0
2014,87,173.0,Shelby,Central,Mostly Rural,77.7,22111,0.0,0.0,0.0,0.0
2014,88,175.0,Stark,Central,Completely Rural,100.0,5603,0.0,0.0,0.0,0.0
2014,89,177.0,Stephenson,Northern minus Cook,Mostly Urban,40.1,46264,0.0,0.0,0.0,0.0
2014,90,179.0,Tazewell,Central,Mostly Urban,20.4,135341,0.0,0.0,0.0,0.0
2014,91,181.0,Union,South,Mostly Rural,65.9,17398,0.0,0.0,0.0,0.0
2014,92,183.0,Vermilion,Central,Mostly Urban,31.3,79800,0.0,0.0,0.0,0.0
2014,93,185.0,Wabash,South,Mostly Urban,38.9,11581,0.0,0.0,0.0,0.0
2014,94,187.0,Warren,Central,Mostly Urban,45.5,17656,0.0,0.0,0.0,0.0
2014,95,189.0,Washington,South,Mostly Rural,73.6,14389,0.0,0.0,0.0,0.0
2014,96,191.0,Wayne,South,Mostly Rural,69.9,16593,0.0,0.0,0.0,0.0
2014,97,193.0,White,South,Mostly Rural,62.0,14267,0.0,0.0,0.0,0.0
2014,98,195.0,Whiteside,Northern minus Cook,Mostly Urban,37.3,57036,0.0,0.0,0.0,0.0
2014,99,197.0,Will,Northern - Collar,Mostly Urban,3.9,685492,0.0,0.0,0.0,0.0
2014,100,199.0,Williamson,South,Mostly Urban,34.8,67386,0.0,0.0,0.0,0.0
2014,101,201.0,Winnebago,Northern minus Cook,Mostly Urban,7.9,288670,0.0,0.0,0.0,0.0
2014,102,203.0,Woodford,Central,Mostly Rural,54.9,39067,0.0,0.0,0.0,0.0
2015,1,1.0,Adams,Central,Mostly Urban,32.6,67014,0.0,0.0,0.0,0.0
2015,2,3.0,Alexander,South,Mostly Rural,61.9,6759,0.0,0.0,0.0,0.0
2015,3,5.0,Bond,South,Mostly Rural,60.7,16929,0.0,0.0,0.0,0.0
2015,4,7.0,Boone,Northern minus Cook,Mostly Urban,19.4,53584,0.0,0.0,0.0,0.0
2015,5,9.0,Brown,Central,Mostly Urban,41.1,6800,0.0,0.0,0.0,0.0
2015,6,11.0,Bureau,Central,Mostly Rural,57.4,33468,0.0,0.0,0.0,0.0
2015,7,13.0,Calhoun,South,Completely Rural,100.0,4862,,,,
2015,8,15.0,Carroll,Northern minus Cook,Mostly Rural,81.9,14645,0.0,0.0,0.0,0.0
2015,9,17.0,Cass,Central,Mostly Rural,52.1,12845,0.0,0.0,0.0,0.0
2015,10,19.0,Champaign,Central,Mostly Urban,12.7,208354,2.0,4.0,0.0,0.0
2015,11,21.0,Christian,Central,Mostly Urban,43.5,33470,0.0,0.0,0.0,0.0
2015,12,23.0,Clark,South,Mostly Rural,59.5,15865,0.0,0.0,0.0,0.0
2015,13,25.0,Clay,South,Mostly Rural,64.7,13395,0.0,0.0,0.0,0.0
2015,14,27.0,Clinton,South,Mostly Urban,48.8,37654,0.0,0.0,0.0,0.0
2015,15,29.0,Coles,Central,Mostly Urban,24.3,52570,0.0,0.0,0.0,0.0
2015,16,31.0,Cook,Northern - Cook,Completely Urban,0.0,5245831,15.0,12.0,0.0,0.0
2015,17,33.0,Crawford,South,Mostly Rural,60.2,19257,0.0,0.0,0.0,0.0
2015,18,35.0,Cumberland,South,Completely Rural,100.0,10872,0.0,0.0,0.0,0.0
2015,19,37.0,DeKalb,Northern minus Cook,Mostly Urban,20.3,104407,0.0,0.0,0.0,0.0
2015,20,39.0,De Witt,Central,Mostly Urban,48.8,16187,0.0,0.0,0.0,0.0
2015,21,41.0,Douglas,Central,Mostly Rural,61.6,19852,0.0,0.0,0.0,0.0
2015,22,43.0,DuPage,Northern - Collar,Completely Urban,0.0,933115,0.0,0.0,0.0,0.0
2015,23,45.0,Edgar,Central,Mostly Rural,51.8,17554,0.0,0.0,0.0,0.0
2015,24,47.0,Edwards,South,Completely Rural,100.0,6508,0.0,0.0,0.0,0.0
2015,25,49.0,Effingham,South,Mostly Rural,59.7,34196,0.0,0.0,0.0,0.0
2015,26,51.0,Fayette,South,Mostly Rural,67.0,22049,0.0,0.0,0.0,0.0
2015,27,53.0,Ford,Central,Mostly Urban,41.8,13522,0.0,0.0,0.0,0.0
2015,28,55.0,Franklin,South,Mostly Urban,48.6,39397,0.0,0.0,0.0,0.0
2015,29,57.0,Fulton,Central,Mostly Rural,60.0,35721,0.0,0.0,0.0,0.0
2015,30,59.0,Gallatin,South,Completely Rural,100.0,5221,0.0,0.0,0.0,0.0
2015,31,61.0,Greene,Central,Mostly Rural,70.8,13336,0.0,0.0,0.0,0.0
2015,32,63.0,Grundy,Northern minus Cook,Mostly Urban,24.4,50345,0.0,0.0,0.0,0.0
2015,33,65.0,Hamilton,South,Mostly Rural,68.1,8246,0.0,0.0,0.0,0.0
2015,34,67.0,Hancock,Central,Mostly Rural,71.0,18217,0.0,0.0,0.0,0.0
2015,35,69.0,Hardin,South,Completely Rural,100.0,4156,0.0,0.0,0.0,0.0
2015,36,71.0,Henderson,Central,Mostly Rural,99.7,6994,0.0,0.0,0.0,0.0
2015,37,73.0,Henry,Central,Mostly Rural,50.3,49645,0.0,0.0,0.0,0.0
2015,38,75.0,Iroquois,Central,Mostly Rural,71.7,28534,0.0,0.0,0.0,0.0
2015,39,77.0,Jackson,South,Mostly Urban,37.2,59289,0.0,0.0,0.0,0.0
2015,40,79.0,Jasper,South,Mostly Rural,69.9,9633,0.0,0.0,0.0,0.0
2015,41,81.0,Jefferson,South,Mostly Rural,58.8,38300,0.0,0.0,0.0,0.0
2015,42,83.0,Jersey,South,Mostly Rural,60.6,22193,0.0,0.0,0.0,0.0
2015,43,85.0,Jo Daviess,Northern minus Cook,Mostly Rural,72.6,22064,0.0,0.0,0.0,0.0
2015,44,87.0,Johnson,South,Completely Rural,100.0,12876,0.0,0.0,0.0,0.0
2015,45,89.0,Kane,Northern - Collar,Mostly Urban,3.6,529995,0.0,0.0,0.0,0.0
2015,46,91.0,Kankakee,Central,Mostly Urban,24.5,110756,0.0,0.0,0.0,0.0
2015,47,93.0,Kendall,Northern minus Cook,Mostly Urban,10.4,122892,0.0,0.0,0.0,0.0
2015,48,95.0,Knox,Central,Mostly Urban,24.3,51313,0.0,0.0,0.0,0.0
2015,49,97.0,Lake,Northern - Collar,Mostly Urban,1.3,704945,0.0,0.0,0.0,0.0
2015,50,99.0,LaSalle,Northern minus Cook,Mostly Urban,30.2,111077,0.0,0.0,0.0,0.0
2015,51,101.0,Lawrence,South,Mostly Rural,58.0,16495,0.0,0.0,0.0,0.0
2015,52,103.0,Lee,Northern minus Cook,Mostly Rural,53.2,34544,0.0,0.0,0.0,0.0
2015,53,105.0,Livingston,Central,Mostly Urban,40.8,36668,0.0,0.0,0.0,0.0
2015,54,107.0,Logan,Central,Mostly Urban,39.9,29412,0.0,0.0,0.0,0.0
2015,55,109.0,McDonough,Central,Mostly Urban,29.5,31670,0.0,0.0,0.0,0.0
2015,56,111.0,McHenry,Northern - Collar,Mostly Urban,9.9,307960,0.0,0.0,0.0,0.0
2015,57,113.0,McLean,Central,Mostly Urban,16.5,172718,0.0,0.0,0.0,0.0
2015,58,115.0,Macon,Central,Mostly Urban,15.3,107419,0.0,0.0,0.0,0.0
2015,59,117.0,Macoupin,Central,Mostly Rural,58.5,45846,0.0,0.0,0.0,0.0
2015,60,119.0,Madison,South,Mostly Urban,13.3,265994,0.0,0.0,0.0,0.0
2015,61,121.0,Marion,South,Mostly Urban,45.1,38341,0.0,0.0,0.0,0.0
2015,62,123.0,Marshall,Central,Completely Rural,100.0,11918,0.0,0.0,0.0,0.0
2015,63,125.0,Mason,Central,Mostly Rural,77.5,13859,0.0,0.0,0.0,0.0
2015,64,127.0,Massac,South,Mostly Rural,50.5,14565,0.0,0.0,0.0,0.0
2015,65,129.0,Menard,Central,Mostly Rural,75.7,12356,0.0,0.0,0.0,0.0
2015,66,131.0,Mercer,Central,Mostly Rural,77.8,15747,0.0,0.0,0.0,0.0
2015,67,133.0,Monroe,South,Mostly Urban,41.4,33724,0.0,0.0,0.0,0.0
2015,68,135.0,Montgomery,Central,Mostly Urban,41.6,29230,0.0,0.0,0.0,0.0
2015,69,137.0,Morgan,Central,Mostly Urban,36.2,34542,0.0,0.0,0.0,0.0
2015,70,139.0,Moultrie,Central,Mostly Rural,69.2,14733,0.0,0.0,0.0,0.0
2015,71,141.0,Ogle,Northern minus Cook,Mostly Urban,47.1,51598,0.0,0.0,0.0,0.0
2015,72,143.0,Peoria,Central,Mostly Urban,14.6,186520,0.0,0.0,0.0,0.0
2015,73,145.0,Perry,South,Mostly Urban,43.6,21422,0.0,0.0,0.0,0.0
2015,74,147.0,Piatt,Central,Mostly Rural,67.7,16352,0.0,0.0,0.0,0.0
2015,75,149.0,Pike,Central,Mostly Rural,72.3,15918,0.0,0.0,0.0,0.0
2015,76,151.0,Pope,South,Completely Rural,100.0,4353,,,,
2015,77,153.0,Pulaski,South,Completely Rural,100.0,5656,0.0,0.0,0.0,0.0
2015,78,155.0,Putnam,Central,Completely Rural,100.0,5727,0.0,0.0,0.0,0.0
2015,79,157.0,Randolph,South,Mostly Urban,42.6,32822,0.0,0.0,0.0,0.0
2015,80,159.0,Richland,South,Mostly Urban,43.5,15967,0.0,0.0,0.0,0.0
2015,81,161.0,Rock Island,Central,Mostly Urban,10.9,146249,0.0,0.0,0.0,0.0
2015,82,163.0,St. Clair,South,Mostly Urban,9.8,264217,0.0,0.0,0.0,0.0
2015,83,165.0,Saline,South,Mostly Urban,43.7,24498,0.0,0.0,0.0,0.0
2015,84,167.0,Sangamon,Central,Mostly Urban,14.1,198634,0.0,0.0,0.0,0.0
2015,85,169.0,Schuyler,Central,Mostly Rural,57.6,7160,0.0,0.0,0.0,0.0
2015,86,171.0,Scott,Central,Completely Rural,100.0,5109,0.0,0.0,0.0,0.0
2015,87,173.0,Shelby,Central,Mostly Rural,77.7,21829,0.0,0.0,0.0,0.0
2015,88,175.0,Stark,Central,Completely Rural,100.0,5506,0.0,0.0,0.0,0.0
2015,89,177.0,Stephenson,Northern minus Cook,Mostly Urban,40.1,45670,0.0,0.0,0.0,0.0
2015,90,179.0,Tazewell,Central,Mostly Urban,20.4,134393,0.0,0.0,0.0,0.0
2015,91,181.0,Union,South,Mostly Rural,65.9,17283,0.0,0.0,0.0,0.0
2015,92,183.0,Vermilion,Central,Mostly Urban,31.3,79187,0.0,0.0,0.0,0.0
2015,93,185.0,Wabash,South,Mostly Urban,38.9,11599,0.0,0.0,0.0,0.0
2015,94,187.0,Warren,Central,Mostly Urban,45.5,17370,0.0,0.0,0.0,0.0
2015,95,189.0,Washington,South,Mostly Rural,73.6,14258,0.0,0.0,0.0,0.0
2015,96,191.0,Wayne,South,Mostly Rural,69.9,16526,0.0,0.0,0.0,0.0
2015,97,193.0,White,South,Mostly Rural,62.0,14202,0.0,0.0,0.0,0.0
2015,98,195.0,Whiteside,Northern minus Cook,Mostly Urban,37.3,56945,0.0,0.0,0.0,0.0
2015,99,197.0,Will,Northern - Collar,Mostly Urban,3.9,686920,0.0,0.0,0.0,0.0
2015,100,199.0,Williamson,South,Mostly Urban,34.8,67607,0.0,0.0,0.0,0.0
2015,101,201.0,Winnebago,Northern minus Cook,Mostly Urban,7.9,287141,0.0,0.0,0.0,0.0
2015,102,203.0,Woodford,Central,Mostly Rural,54.9,38963,0.0,0.0,0.0,0.0
2016,1,1.0,Adams,Central,Mostly Urban,32.6,66673,0.0,0.0,0.0,0.0
2016,2,3.0,Alexander,South,Mostly Rural,61.9,6491,0.0,0.0,0.0,0.0
2016,3,5.0,Bond,South,Mostly Rural,60.7,16841,0.0,0.0,0.0,0.0
2016,4,7.0,Boone,Northern minus Cook,Mostly Urban,19.4,53562,0.0,0.0,0.0,0.0
2016,5,9.0,Brown,Central,Mostly Urban,41.1,6744,0.0,0.0,0.0,0.0
2016,6,11.0,Bureau,Central,Mostly Rural,57.4,33433,0.0,0.0,0.0,0.0
2016,7,13.0,Calhoun,South,Completely Rural,100.0,4859,,,,
2016,8,15.0,Carroll,Northern minus Cook,Mostly Rural,81.9,14611,0.0,0.0,0.0,0.0
2016,9,17.0,Cass,Central,Mostly Rural,52.1,12681,0.0,0.0,0.0,0.0
2016,10,19.0,Champaign,Central,Mostly Urban,12.7,209267,1.0,3.0,0.0,0.0
2016,11,21.0,Christian,Central,Mostly Urban,43.5,33271,0.0,0.0,0.0,0.0
2016,12,23.0,Clark,South,Mostly Rural,59.5,15848,0.0,0.0,0.0,0.0
2016,13,25.0,Clay,South,Mostly Rural,64.7,13311,0.0,0.0,0.0,0.0
2016,14,27.0,Clinton,South,Mostly Urban,48.8,37565,0.0,0.0,0.0,0.0
2016,15,29.0,Coles,Central,Mostly Urban,24.3,52412,0.0,0.0,0.0,0.0
2016,16,31.0,Cook,Northern - Cook,Completely Urban,0.0,5231356,4.0,0.0,0.0,0.0
2016,17,33.0,Crawford,South,Mostly Rural,60.2,19142,0.0,0.0,0.0,0.0
2016,18,35.0,Cumberland,South,Completely Rural,100.0,10892,0.0,0.0,0.0,0.0
2016,19,37.0,DeKalb,Northern minus Cook,Mostly Urban,20.3,104447,0.0,0.0,0.0,0.0
2016,20,39.0,De Witt,Central,Mostly Urban,48.8,16159,0.0,0.0,0.0,0.0
2016,21,41.0,Douglas,Central,Mostly Rural,61.6,19769,0.0,0.0,0.0,0.0
2016,22,43.0,DuPage,Northern - Collar,Completely Urban,0.0,931153,0.0,0.0,0.0,0.0
2016,23,45.0,Edgar,Central,Mostly Rural,51.8,17472,0.0,0.0,0.0,0.0
2016,24,47.0,Edwards,South,Completely Rural,100.0,6545,0.0,0.0,0.0,0.0
2016,25,49.0,Effingham,South,Mostly Rural,59.7,34182,0.0,0.0,0.0,0.0
2016,26,51.0,Fayette,South,Mostly Rural,67.0,21816,0.0,0.0,0.0,0.0
2016,27,53.0,Ford,Central,Mostly Urban,41.8,13342,0.0,0.0,0.0,0.0
2016,28,55.0,Franklin,South,Mostly Urban,48.6,39092,0.0,0.0,0.0,0.0
2016,29,57.0,Fulton,Central,Mostly Rural,60.0,35517,0.0,0.0,0.0,0.0
2016,30,59.0,Gallatin,South,Completely Rural,100.0,5163,0.0,0.0,0.0,0.0
2016,31,61.0,Greene,Central,Mostly Rural,70.8,13119,0.0,0.0,0.0,0.0
2016,32,63.0,Grundy,Northern minus Cook,Mostly Urban,24.4,50269,0.0,0.0,0.0,0.0
2016,33,65.0,Hamilton,South,Mostly Rural,68.1,8199,0.0,0.0,0.0,0.0
2016,34,67.0,Hancock,Central,Mostly Rural,71.0,18219,0.0,0.0,0.0,0.0
2016,35,69.0,Hardin,South,Completely Rural,100.0,4099,0.0,0.0,0.0,0.0
2016,36,71.0,Henderson,Central,Mostly Rural,99.7,6874,,,,
2016,37,73.0,Henry,Central,Mostly Rural,50.3,49524,0.0,0.0,0.0,0.0
2016,38,75.0,Iroquois,Central,Mostly Rural,71.7,28214,0.0,0.0,0.0,0.0
2016,39,77.0,Jackson,South,Mostly Urban,37.2,59032,0.0,0.0,0.0,0.0
2016,40,79.0,Jasper,South,Mostly Rural,69.9,9593,0.0,0.0,0.0,0.0
2016,41,81.0,Jefferson,South,Mostly Rural,58.8,38308,0.0,0.0,0.0,0.0
2016,42,83.0,Jersey,South,Mostly Rural,60.6,21945,0.0,0.0,0.0,0.0
2016,43,85.0,Jo Daviess,Northern minus Cook,Mostly Rural,72.6,21861,0.0,0.0,0.0,0.0
2016,44,87.0,Johnson,South,Completely Rural,100.0,12961,0.0,0.0,0.0,0.0
2016,45,89.0,Kane,Northern - Collar,Mostly Urban,3.6,532553,0.0,2.0,0.0,0.0
2016,46,91.0,Kankakee,Central,Mostly Urban,24.5,110053,0.0,0.0,0.0,0.0
2016,47,93.0,Kendall,Northern minus Cook,Mostly Urban,10.4,124573,0.0,0.0,0.0,0.0
2016,48,95.0,Knox,Central,Mostly Urban,24.3,50945,2.0,0.0,0.0,0.0
2016,49,97.0,Lake,Northern - Collar,Mostly Urban,1.3,704935,0.0,0.0,0.0,0.0
2016,50,99.0,LaSalle,Northern minus Cook,Mostly Urban,30.2,110507,0.0,0.0,0.0,0.0
2016,51,101.0,Lawrence,South,Mostly Rural,58.0,16343,0.0,0.0,0.0,0.0
2016,52,103.0,Lee,Northern minus Cook,Mostly Rural,53.2,34399,0.0,0.0,0.0,0.0
2016,53,105.0,Livingston,Central,Mostly Urban,40.8,36475,0.0,0.0,0.0,0.0
2016,54,107.0,Logan,Central,Mostly Urban,39.9,29338,0.0,0.0,0.0,0.0
2016,55,109.0,McDonough,Central,Mostly Urban,29.5,31387,0.0,0.0,0.0,0.0
2016,56,111.0,McHenry,Northern - Collar,Mostly Urban,9.9,307972,0.0,0.0,0.0,0.0
2016,57,113.0,McLean,Central,Mostly Urban,16.5,172688,0.0,0.0,0.0,0.0
2016,58,115.0,Macon,Central,Mostly Urban,15.3,106651,0.0,0.0,0.0,0.0
2016,59,117.0,Macoupin,Central,Mostly Rural,58.5,45653,0.0,0.0,0.0,0.0
2016,60,119.0,Madison,South,Mostly Urban,13.3,265598,0.0,0.0,0.0,0.0
2016,61,121.0,Marion,South,Mostly Urban,45.1,38066,0.0,0.0,0.0,0.0
2016,62,123.0,Marshall,Central,Completely Rural,100.0,11898,0.0,0.0,0.0,0.0
2016,63,125.0,Mason,Central,Mostly Rural,77.5,13706,0.0,0.0,0.0,0.0
2016,64,127.0,Massac,South,Mostly Rural,50.5,14469,0.0,0.0,0.0,0.0
2016,65,129.0,Menard,Central,Mostly Rural,75.7,12399,0.0,0.0,0.0,0.0
2016,66,131.0,Mercer,Central,Mostly Rural,77.8,15630,0.0,0.0,0.0,0.0
2016,67,133.0,Monroe,South,Mostly Urban,41.4,33878,0.0,0.0,0.0,0.0
2016,68,135.0,Montgomery,Central,Mostly Urban,41.6,29079,0.0,0.0,0.0,0.0
2016,69,137.0,Morgan,Central,Mostly Urban,36.2,34194,0.0,0.0,0.0,0.0
2016,70,139.0,Moultrie,Central,Mostly Rural,69.2,14599,0.0,0.0,0.0,0.0
2016,71,141.0,Ogle,Northern minus Cook,Mostly Urban,47.1,51168,0.0,0.0,0.0,0.0
2016,72,143.0,Peoria,Central,Mostly Urban,14.6,185296,0.0,0.0,0.0,0.0
2016,73,145.0,Perry,South,Mostly Urban,43.6,21382,0.0,0.0,0.0,0.0
2016,74,147.0,Piatt,Central,Mostly Rural,67.7,16526,0.0,0.0,0.0,0.0
2016,75,149.0,Pike,Central,Mostly Rural,72.3,15882,0.0,0.0,0.0,0.0
2016,76,151.0,Pope,South,Completely Rural,100.0,4295,,,,
2016,77,153.0,Pulaski,South,Completely Rural,100.0,5603,,,,
2016,78,155.0,Putnam,Central,Completely Rural,100.0,5717,0.0,0.0,0.0,0.0
2016,79,157.0,Randolph,South,Mostly Urban,42.6,32597,0.0,0.0,0.0,0.0
2016,80,159.0,Richland,South,Mostly Urban,43.5,15858,0.0,0.0,0.0,0.0
2016,81,161.0,Rock Island,Central,Mostly Urban,10.9,145472,0.0,0.0,0.0,0.0
2016,82,163.0,St. Clair,South,Mostly Urban,9.8,263120,0.0,0.0,0.0,0.0
2016,83,165.0,Saline,South,Mostly Urban,43.7,24253,0.0,0.0,0.0,0.0
2016,84,167.0,Sangamon,Central,Mostly Urban,14.1,197591,0.0,0.0,0.0,0.0
2016,85,169.0,Schuyler,Central,Mostly Rural,57.6,7053,0.0,0.0,0.0,0.0
2016,86,171.0,Scott,Central,Completely Rural,100.0,5055,0.0,0.0,0.0,0.0
2016,87,173.0,Shelby,Central,Mostly Rural,77.7,21727,0.0,0.0,0.0,0.0
2016,88,175.0,Stark,Central,Completely Rural,100.0,5506,0.0,0.0,0.0,0.0
2016,89,177.0,Stephenson,Northern minus Cook,Mostly Urban,40.1,45540,0.0,0.0,0.0,0.0
2016,90,179.0,Tazewell,Central,Mostly Urban,20.4,133967,0.0,0.0,0.0,0.0
2016,91,181.0,Union,South,Mostly Rural,65.9,17115,0.0,0.0,0.0,0.0
2016,92,183.0,Vermilion,Central,Mostly Urban,31.3,78560,0.0,0.0,0.0,0.0
2016,93,185.0,Wabash,South,Mostly Urban,38.9,11511,0.0,0.0,0.0,0.0
2016,94,187.0,Warren,Central,Mostly Urban,45.5,17307,0.0,0.0,0.0,0.0
2016,95,189.0,Washington,South,Mostly Rural,73.6,14210,0.0,0.0,0.0,0.0
2016,96,191.0,Wayne,South,Mostly Rural,69.9,16573,0.0,0.0,0.0,0.0
2016,97,193.0,White,South,Mostly Rural,62.0,14088,0.0,0.0,0.0,0.0
2016,98,195.0,Whiteside,Northern minus Cook,Mostly Urban,37.3,56541,0.0,0.0,0.0,0.0
2016,99,197.0,Will,Northern - Collar,Mostly Urban,3.9,689731,0.0,0.0,0.0,0.0
2016,100,199.0,Williamson,South,Mostly Urban,34.8,67640,0.0,0.0,0.0,0.0
2016,101,201.0,Winnebago,Northern minus Cook,Mostly Urban,7.9,286088,1.0,0.0,0.0,0.0
2016,102,203.0,Woodford,Central,Mostly Rural,54.9,38933,0.0,0.0,0.0,0.0
